"lee","yoon","sim","ahn","sample_size","date"
0.426463777704267,0.476303892380637,0.0535891498511413,0.0436431800639541,250,2021-11-27
0.426463777704267,0.476303892380637,0.0535891498511413,0.0436431800639541,250,2021-11-28
0.426463777704267,0.476303892380637,0.0535891498511413,0.0436431800639541,250,2021-11-29
0.426463777704267,0.476303892380637,0.0535891498511413,0.0436431800639541,250,2021-11-30
0.405180865671683,0.492161496540881,0.0584323546208935,0.0442252831665424,500,2021-11-29
0.405180865671683,0.492161496540881,0.0584323546208935,0.0442252831665424,500,2021-11-30
0.425211901764285,0.486597431010491,0.0383068523982215,0.0498838148270026,500,2021-11-30
0.425211901764285,0.486597431010491,0.0383068523982215,0.0498838148270026,500,2021-12-01
0.438044638093544,0.42701479044401,0.0609130159859308,0.0740275554765151,333.333333333333,2021-11-27
0.438044638093544,0.42701479044401,0.0609130159859308,0.0740275554765151,333.333333333333,2021-11-28
0.438044638093544,0.42701479044401,0.0609130159859308,0.0740275554765151,333.333333333333,2021-11-29
0.435947746846111,0.443322183886855,0.0558350233084885,0.0648950459585451,333.333333333333,2021-11-29
0.435947746846111,0.443322183886855,0.0558350233084885,0.0648950459585451,333.333333333333,2021-11-30
0.435947746846111,0.443322183886855,0.0558350233084885,0.0648950459585451,333.333333333333,2021-12-01
0.427730663414357,0.497979124712823,0.0264214671318225,0.0478687447409971,1000,2021-12-01
0.433060162349012,0.440012428632462,0.059709221786357,0.0672181872321694,319,2021-11-30
0.433060162349012,0.440012428632462,0.059709221786357,0.0672181872321694,319,2021-12-01
0.433060162349012,0.440012428632462,0.059709221786357,0.0672181872321694,319,2021-12-02
0.423486282464232,0.496876115269765,0.0364385455301117,0.0431990567358906,600,2021-11-29
0.423486282464232,0.496876115269765,0.0364385455301117,0.0431990567358906,600,2021-11-30
0.423486282464232,0.496876115269765,0.0364385455301117,0.0431990567358906,600,2021-12-01
0.423486282464232,0.496876115269765,0.0364385455301117,0.0431990567358906,600,2021-12-02
0.423486282464232,0.496876115269765,0.0364385455301117,0.0431990567358906,600,2021-12-03
0.437756179003444,0.485426513872903,0.0334437281920871,0.0433735789315658,500,2021-12-03
0.437756179003444,0.485426513872903,0.0334437281920871,0.0433735789315658,500,2021-12-04
0.438847512142672,0.477123577175485,0.0472254921953209,0.0368034184865226,500,2021-12-03
0.438847512142672,0.477123577175485,0.0472254921953209,0.0368034184865226,500,2021-12-04
0.412749772337987,0.510486444636446,0.0352914015468191,0.0414723814787479,500,2021-12-03
0.412749772337987,0.510486444636446,0.0352914015468191,0.0414723814787479,500,2021-12-04
0.455167095778454,0.455679217356351,0.0452952199251623,0.0438584669400326,500,2021-12-04
0.455167095778454,0.455679217356351,0.0452952199251623,0.0438584669400326,500,2021-12-05
0.415239702449734,0.502796280731825,0.037688378553733,0.0442756382647087,1000,2021-12-04
0.434216630796144,0.47940104148986,0.0505004899664379,0.0358818377475575,500,2021-12-04
0.434216630796144,0.47940104148986,0.0505004899664379,0.0358818377475575,500,2021-12-05
0.436673058430455,0.486272156815327,0.03291625268494,0.0441385320692774,333.333333333333,2021-12-04
0.436673058430455,0.486272156815327,0.03291625268494,0.0441385320692774,333.333333333333,2021-12-05
0.436673058430455,0.486272156815327,0.03291625268494,0.0441385320692774,333.333333333333,2021-12-06
0.417194503009679,0.509602200953926,0.0453171288699882,0.0278861671664067,500,2021-12-06
0.417194503009679,0.509602200953926,0.0453171288699882,0.0278861671664067,500,2021-12-07
0.439322230547968,0.440210533948901,0.0424609025645984,0.0780063329385318,500,2021-12-06
0.439322230547968,0.440210533948901,0.0424609025645984,0.0780063329385318,500,2021-12-07
0.429338299120367,0.492352605405698,0.0428287873039176,0.0354803081700182,500,2021-12-07
0.429338299120367,0.492352605405698,0.0428287873039176,0.0354803081700182,500,2021-12-08
0.419127246358615,0.490630216734291,0.0447907284819119,0.045451808425182,500,2021-12-06
0.419127246358615,0.490630216734291,0.0447907284819119,0.045451808425182,500,2021-12-07
0.469191831035085,0.447023913422936,0.0426402014811859,0.0411440540607935,333.333333333333,2021-12-06
0.469191831035085,0.447023913422936,0.0426402014811859,0.0411440540607935,333.333333333333,2021-12-07
0.469191831035085,0.447023913422936,0.0426402014811859,0.0411440540607935,333.333333333333,2021-12-08
0.443756951550474,0.510542999510611,0.0275381501090003,0.018161898829915,1000,2021-12-07
0.414311854445349,0.50432436270681,0.04585452181845,0.0355092610293917,257.25,2021-12-05
0.414311854445349,0.50432436270681,0.04585452181845,0.0355092610293917,257.25,2021-12-06
0.414311854445349,0.50432436270681,0.04585452181845,0.0355092610293917,257.25,2021-12-07
0.414311854445349,0.50432436270681,0.04585452181845,0.0355092610293917,257.25,2021-12-08
0.434499628803126,0.494859087534574,0.0359436831927749,0.0346976004695257,500,2021-12-05
0.434499628803126,0.494859087534574,0.0359436831927749,0.0346976004695257,500,2021-12-06
0.434499628803126,0.494859087534574,0.0359436831927749,0.0346976004695257,500,2021-12-07
0.434499628803126,0.494859087534574,0.0359436831927749,0.0346976004695257,500,2021-12-08
0.434499628803126,0.494859087534574,0.0359436831927749,0.0346976004695257,500,2021-12-09
0.434499628803126,0.494859087534574,0.0359436831927749,0.0346976004695257,500,2021-12-10
0.411003122812744,0.524874611017581,0.0353871312950527,0.028735134874622,500,2021-12-10
0.411003122812744,0.524874611017581,0.0353871312950527,0.028735134874622,500,2021-12-11
0.460991151086003,0.476926695360115,0.030178114504129,0.031904039049753,500,2021-12-10
0.460991151086003,0.476926695360115,0.030178114504129,0.031904039049753,500,2021-12-11
0.446876299743386,0.48482908689769,0.0281904881485825,0.0401041252103412,1000,2021-12-11
0.443148134510407,0.486212499194521,0.0313906711712126,0.0392486951238597,500,2021-12-10
0.443148134510407,0.486212499194521,0.0313906711712126,0.0392486951238597,500,2021-12-11
0.41278427169508,0.462694797582763,0.0538734635093948,0.0706474672127618,500,2021-12-11
0.41278427169508,0.462694797582763,0.0538734635093948,0.0706474672127618,500,2021-12-12
0.428311359434494,0.492020363121937,0.0451708999153237,0.0344973775282453,333.333333333333,2021-12-10
0.428311359434494,0.492020363121937,0.0451708999153237,0.0344973775282453,333.333333333333,2021-12-11
0.428311359434494,0.492020363121937,0.0451708999153237,0.0344973775282453,333.333333333333,2021-12-12
0.366826504176156,0.546420362981586,0.0442641228795812,0.0424890099626762,500,2021-12-11
0.366826504176156,0.546420362981586,0.0442641228795812,0.0424890099626762,500,2021-12-12
0.48256332802097,0.416281412523478,0.0460393670575014,0.0551158923980508,333.333333333333,2021-12-07
0.48256332802097,0.416281412523478,0.0460393670575014,0.0551158923980508,333.333333333333,2021-12-08
0.48256332802097,0.416281412523478,0.0460393670575014,0.0551158923980508,333.333333333333,2021-12-09
0.418989400171266,0.498621223616898,0.0357616658014651,0.0466277104103718,500,2021-12-11
0.418989400171266,0.498621223616898,0.0357616658014651,0.0466277104103718,500,2021-12-12
0.456741574297586,0.469721239226732,0.0323676105673078,0.0411695759083741,333.333333333333,2021-12-11
0.456741574297586,0.469721239226732,0.0323676105673078,0.0411695759083741,333.333333333333,2021-12-12
0.456741574297586,0.469721239226732,0.0323676105673078,0.0411695759083741,333.333333333333,2021-12-13
0.438205031189626,0.485559242430838,0.0359219215800511,0.0403138047994857,1000,2021-12-13
0.441977130040721,0.48654275708022,0.0329916167994926,0.0384884960795669,500,2021-12-14
0.441977130040721,0.48654275708022,0.0329916167994926,0.0384884960795669,500,2021-12-15
0.469527074867525,0.442962978707011,0.0463320771058858,0.0411778693195781,500,2021-12-14
0.469527074867525,0.442962978707011,0.0463320771058858,0.0411778693195781,500,2021-12-15
0.398789004650973,0.508103283059981,0.0493924093309092,0.0437153029581367,1000,2021-12-14
0.450168830916038,0.472474663912549,0.033318486441429,0.0440380187299839,500,2021-12-15
0.450168830916038,0.472474663912549,0.033318486441429,0.0440380187299839,500,2021-12-16
0.464416214861424,0.421425462028573,0.0565251230097484,0.0576332001002546,319,2021-12-14
0.464416214861424,0.421425462028573,0.0565251230097484,0.0576332001002546,319,2021-12-15
0.464416214861424,0.421425462028573,0.0565251230097484,0.0576332001002546,319,2021-12-16
0.424366493058269,0.495701462016373,0.0361697805301121,0.0437622643952467,500,2021-12-12
0.424366493058269,0.495701462016373,0.0361697805301121,0.0437622643952467,500,2021-12-13
0.424366493058269,0.495701462016373,0.0361697805301121,0.0437622643952467,500,2021-12-14
0.424366493058269,0.495701462016373,0.0361697805301121,0.0437622643952467,500,2021-12-15
0.424366493058269,0.495701462016373,0.0361697805301121,0.0437622643952467,500,2021-12-16
0.424366493058269,0.495701462016373,0.0361697805301121,0.0437622643952467,500,2021-12-17
0.444743229529962,0.480030291375215,0.0361964549964472,0.0390300240983753,500,2021-12-17
0.444743229529962,0.480030291375215,0.0361964549964472,0.0390300240983753,500,2021-12-18
0.46558868694277,0.432476908620018,0.0487004652655222,0.0532339391716899,504,2021-12-17
0.46558868694277,0.432476908620018,0.0487004652655222,0.0532339391716899,504,2021-12-18
0.435274544147391,0.441238994936477,0.0622633935543661,0.0612230673617663,333.333333333333,2021-12-17
0.435274544147391,0.441238994936477,0.0622633935543661,0.0612230673617663,333.333333333333,2021-12-18
0.435274544147391,0.441238994936477,0.0622633935543661,0.0612230673617663,333.333333333333,2021-12-19
0.441890558303309,0.474624965693631,0.0287332628714577,0.0547512131316022,500.5,2021-12-17
0.441890558303309,0.474624965693631,0.0287332628714577,0.0547512131316022,500.5,2021-12-18
0.415593238023304,0.48007834384647,0.0601755138054378,0.044152904324789,501,2021-12-18
0.415593238023304,0.48007834384647,0.0601755138054378,0.044152904324789,501,2021-12-19
0.441024333719583,0.43115527230591,0.0603626882966396,0.0674577056778679,507,2021-12-18
0.441024333719583,0.43115527230591,0.0603626882966396,0.0674577056778679,507,2021-12-19
0.477054854648975,0.421293486167198,0.0549298954074594,0.0467217637763676,334.333333333333,2021-12-17
0.477054854648975,0.421293486167198,0.0549298954074594,0.0467217637763676,334.333333333333,2021-12-18
0.477054854648975,0.421293486167198,0.0549298954074594,0.0467217637763676,334.333333333333,2021-12-19
0.435984262532696,0.47196806638083,0.042712706365051,0.0493349647214237,513.5,2021-12-20
0.435984262532696,0.47196806638083,0.042712706365051,0.0493349647214237,513.5,2021-12-21
0.409670587006943,0.437985536753501,0.0585676960978071,0.0937761801417488,500.5,2021-12-20
0.409670587006943,0.437985536753501,0.0585676960978071,0.0937761801417488,500.5,2021-12-21
0.423182699823409,0.479349409914213,0.04081145239267,0.0566564378697083,334.333333333333,2021-12-18
0.423182699823409,0.479349409914213,0.04081145239267,0.0566564378697083,334.333333333333,2021-12-19
0.423182699823409,0.479349409914213,0.04081145239267,0.0566564378697083,334.333333333333,2021-12-20
0.478197772074336,0.384297020922076,0.0581437536113089,0.0793614533922788,333.333333333333,2021-12-20
0.478197772074336,0.384297020922076,0.0581437536113089,0.0793614533922788,333.333333333333,2021-12-21
0.478197772074336,0.384297020922076,0.0581437536113089,0.0793614533922788,333.333333333333,2021-12-22
0.435274544147391,0.441238994936477,0.0622633935543661,0.0612230673617663,333.333333333333,2021-12-17
0.435274544147391,0.441238994936477,0.0622633935543661,0.0612230673617663,333.333333333333,2021-12-18
0.435274544147391,0.441238994936477,0.0622633935543661,0.0612230673617663,333.333333333333,2021-12-19
0.446629630833376,0.454263918617123,0.0324187355195773,0.0666877150299243,500,2021-12-22
0.446629630833376,0.454263918617123,0.0324187355195773,0.0666877150299243,500,2021-12-23
0.448024095585286,0.455305616208536,0.0330631837602237,0.0636071044459537,515,2021-12-19
0.448024095585286,0.455305616208536,0.0330631837602237,0.0636071044459537,515,2021-12-20
0.448024095585286,0.455305616208536,0.0330631837602237,0.0636071044459537,515,2021-12-21
0.448024095585286,0.455305616208536,0.0330631837602237,0.0636071044459537,515,2021-12-22
0.448024095585286,0.455305616208536,0.0330631837602237,0.0636071044459537,515,2021-12-23
0.448024095585286,0.455305616208536,0.0330631837602237,0.0636071044459537,515,2021-12-24
0.449367060466068,0.456472345855769,0.0313735254754272,0.0627870682027363,500,2021-12-24
0.449367060466068,0.456472345855769,0.0313735254754272,0.0627870682027363,500,2021-12-25
0.506599130702625,0.382570245388275,0.0545412231767001,0.0562894007324002,505,2021-12-24
0.506599130702625,0.382570245388275,0.0545412231767001,0.0562894007324002,505,2021-12-25
0.425373879763635,0.422940645009231,0.0571361230983339,0.0945493521287998,502,2021-12-23
0.425373879763635,0.422940645009231,0.0571361230983339,0.0945493521287998,502,2021-12-24
0.446540551528848,0.425330098230005,0.042023849574828,0.0861055006663188,500,2021-12-24
0.446540551528848,0.425330098230005,0.042023849574828,0.0861055006663188,500,2021-12-25
0.459075609844801,0.440508969496321,0.0241063645823679,0.0763090560765097,500,2021-12-24
0.459075609844801,0.440508969496321,0.0241063645823679,0.0763090560765097,500,2021-12-25
0.473595403987523,0.419319259506959,0.0225119093954029,0.0845734271101146,503,2021-12-25
0.473595403987523,0.419319259506959,0.0225119093954029,0.0845734271101146,503,2021-12-26
0.454062548000579,0.442996584292608,0.0405586245230331,0.0623822431837796,500,2021-12-25
0.454062548000579,0.442996584292608,0.0405586245230331,0.0623822431837796,500,2021-12-26
0.470874917546461,0.398995139153751,0.0523239435803326,0.0778059997194551,507,2021-12-25
0.470874917546461,0.398995139153751,0.0523239435803326,0.0778059997194551,507,2021-12-26
0.480795299335837,0.376362793004511,0.0535686063887608,0.0892733012708908,500,2021-12-26
0.480795299335837,0.376362793004511,0.0535686063887608,0.0892733012708908,500,2021-12-27
0.502593315483291,0.414198846941026,0.0237880667171021,0.0594197708585807,333.333333333333,2021-12-25
0.502593315483291,0.414198846941026,0.0237880667171021,0.0594197708585807,333.333333333333,2021-12-26
0.502593315483291,0.414198846941026,0.0237880667171021,0.0594197708585807,333.333333333333,2021-12-27
0.44218636839598,0.454452742794969,0.0385636438260537,0.0647972449829972,1004,2021-12-27
0.440426246911147,0.369150771664128,0.0790200215878339,0.111402959836892,504,2021-12-27
0.440426246911147,0.369150771664128,0.0790200215878339,0.111402959836892,504,2021-12-28
0.485469549091558,0.427531725222271,0.0368772200318973,0.0501215056542738,501,2021-12-27
0.485469549091558,0.427531725222271,0.0368772200318973,0.0501215056542738,501,2021-12-28
0.490742257905948,0.406167321127177,0.0380232580789684,0.0650671628879068,500,2021-12-28
0.490742257905948,0.406167321127177,0.0380232580789684,0.0650671628879068,500,2021-12-29
0.444397982560395,0.442363101114601,0.0439176610938494,0.0693212552311547,344.666666666667,2021-12-26
0.444397982560395,0.442363101114601,0.0439176610938494,0.0693212552311547,344.666666666667,2021-12-27
0.444397982560395,0.442363101114601,0.0439176610938494,0.0693212552311547,344.666666666667,2021-12-28
0.49457979081678,0.360669487971329,0.0619543253650539,0.0827963958468362,333.333333333333,2021-12-27
0.49457979081678,0.360669487971329,0.0619543253650539,0.0827963958468362,333.333333333333,2021-12-28
0.49457979081678,0.360669487971329,0.0619543253650539,0.0827963958468362,333.333333333333,2021-12-29
0.466116652669304,0.436042908277606,0.0229126340041588,0.0749278050489309,1001,2021-12-29
0.445231621728943,0.44582106727891,0.0380091139081027,0.0709381970840443,753.25,2021-12-26
0.445231621728943,0.44582106727891,0.0380091139081027,0.0709381970840443,753.25,2021-12-27
0.445231621728943,0.44582106727891,0.0380091139081027,0.0709381970840443,753.25,2021-12-28
0.445231621728943,0.44582106727891,0.0380091139081027,0.0709381970840443,753.25,2021-12-29
0.48083473875193,0.371674024232758,0.0549122829953792,0.092578954019933,504.5,2021-12-28
0.48083473875193,0.371674024232758,0.0549122829953792,0.092578954019933,504.5,2021-12-29
0.449968917861683,0.46620640548742,0.0193278445736836,0.0644968320772132,500,2021-12-29
0.449968917861683,0.46620640548742,0.0193278445736836,0.0644968320772132,500,2021-12-30
0.453860050624531,0.433461506848626,0.0495392407214918,0.0631392018053511,400.4,2021-12-25
0.453860050624531,0.433461506848626,0.0495392407214918,0.0631392018053511,400.4,2021-12-26
0.453860050624531,0.433461506848626,0.0495392407214918,0.0631392018053511,400.4,2021-12-27
0.453860050624531,0.433461506848626,0.0495392407214918,0.0631392018053511,400.4,2021-12-28
0.453860050624531,0.433461506848626,0.0495392407214918,0.0631392018053511,400.4,2021-12-29
0.436397463703916,0.425485648664228,0.0501450049007843,0.0879718827310714,505,2021-12-29
0.436397463703916,0.425485648664228,0.0501450049007843,0.0879718827310714,505,2021-12-30
0.439501314808485,0.426412443444394,0.0499600308986723,0.0841262108484485,336.666666666667,2021-12-28
0.439501314808485,0.426412443444394,0.0499600308986723,0.0841262108484485,336.666666666667,2021-12-29
0.439501314808485,0.426412443444394,0.0499600308986723,0.0841262108484485,336.666666666667,2021-12-30
0.503865390865966,0.355215500512231,0.0572437164255455,0.0836753921962579,513.5,2021-12-29
0.503865390865966,0.355215500512231,0.0572437164255455,0.0836753921962579,513.5,2021-12-30
0.484848522792014,0.357776706505475,0.050930650422283,0.106444120280228,335.666666666667,2021-12-29
0.484848522792014,0.357776706505475,0.050930650422283,0.106444120280228,335.666666666667,2021-12-30
0.484848522792014,0.357776706505475,0.050930650422283,0.106444120280228,335.666666666667,2021-12-31
0.493026781534261,0.380715851465524,0.037931026939047,0.0883263400611674,340.333333333333,2021-12-28
0.493026781534261,0.380715851465524,0.037931026939047,0.0883263400611674,340.333333333333,2021-12-29
0.493026781534261,0.380715851465524,0.037931026939047,0.0883263400611674,340.333333333333,2021-12-30
0.439394772569247,0.382797062823751,0.0506001806101887,0.127207983996813,337.666666666667,2021-12-27
0.439394772569247,0.382797062823751,0.0506001806101887,0.127207983996813,337.666666666667,2021-12-28
0.439394772569247,0.382797062823751,0.0506001806101887,0.127207983996813,337.666666666667,2021-12-29
0.447935829016049,0.375005037734255,0.0589135394795858,0.11814559377011,502.5,2021-12-29
0.447935829016049,0.375005037734255,0.0589135394795858,0.11814559377011,502.5,2021-12-30
0.490107664248914,0.364761320434915,0.0355897160050764,0.109541299311094,501.5,2021-12-30
0.490107664248914,0.364761320434915,0.0355897160050764,0.109541299311094,501.5,2021-12-31
0.504708826030329,0.350757445365544,0.0411502071832075,0.10338352142092,333.333333333333,2021-12-29
0.504708826030329,0.350757445365544,0.0411502071832075,0.10338352142092,333.333333333333,2021-12-30
0.504708826030329,0.350757445365544,0.0411502071832075,0.10338352142092,333.333333333333,2021-12-31
0.483538250616945,0.39031971483411,0.0414532492459556,0.0846887853029888,500,2021-12-31
0.483538250616945,0.39031971483411,0.0414532492459556,0.0846887853029888,500,2022-01-01
0.441323346497008,0.446289922225862,0.0198880670509488,0.0924986642261816,501,2021-12-31
0.441323346497008,0.446289922225862,0.0198880670509488,0.0924986642261816,501,2022-01-01
0.458596248595384,0.421276687699888,0.0335162935430893,0.0866107701616389,250,2021-12-28
0.458596248595384,0.421276687699888,0.0335162935430893,0.0866107701616389,250,2021-12-29
0.458596248595384,0.421276687699888,0.0335162935430893,0.0866107701616389,250,2021-12-30
0.458596248595384,0.421276687699888,0.0335162935430893,0.0866107701616389,250,2021-12-31
0.455896440747357,0.437325245597061,0.0335741417642599,0.0732041718913223,506.166666666667,2021-12-26
0.455896440747357,0.437325245597061,0.0335741417642599,0.0732041718913223,506.166666666667,2021-12-27
0.455896440747357,0.437325245597061,0.0335741417642599,0.0732041718913223,506.166666666667,2021-12-28
0.455896440747357,0.437325245597061,0.0335741417642599,0.0732041718913223,506.166666666667,2021-12-29
0.455896440747357,0.437325245597061,0.0335741417642599,0.0732041718913223,506.166666666667,2021-12-30
0.455896440747357,0.437325245597061,0.0335741417642599,0.0732041718913223,506.166666666667,2021-12-31
0.454080959732935,0.392369750767802,0.0449642061909602,0.108585083308303,503,2021-12-30
0.454080959732935,0.392369750767802,0.0449642061909602,0.108585083308303,503,2021-12-31
0.458869215704644,0.41424543747184,0.0239814331535534,0.102903913669963,501,2021-12-31
0.458869215704644,0.41424543747184,0.0239814331535534,0.102903913669963,501,2022-01-01
0.462293488145993,0.352048779012837,0.0672141861985072,0.118443546642663,505,2021-12-30
0.462293488145993,0.352048779012837,0.0672141861985072,0.118443546642663,505,2021-12-31
0.480193128735449,0.364049568599103,0.0518287427014958,0.103928559963952,337.333333333333,2021-12-30
0.480193128735449,0.364049568599103,0.0518287427014958,0.103928559963952,337.333333333333,2021-12-31
0.480193128735449,0.364049568599103,0.0518287427014958,0.103928559963952,337.333333333333,2022-01-01
0.458851384557442,0.422828548201155,0.0262167984089876,0.0921032688324155,500,2021-12-31
0.458851384557442,0.422828548201155,0.0262167984089876,0.0921032688324155,500,2022-01-01
0.477988932176037,0.363242353656713,0.0416800297458949,0.117088684421354,506,2022-01-01
0.477988932176037,0.363242353656713,0.0416800297458949,0.117088684421354,506,2022-01-02
0.421971173531148,0.41494585135592,0.044249377181816,0.118833597931117,1003,2022-01-02
0.45126276685609,0.350113029872523,0.0434469071571187,0.155177296114268,500.5,2022-01-03
0.45126276685609,0.350113029872523,0.0434469071571187,0.155177296114268,500.5,2022-01-04
0.424840541788687,0.410489027225003,0.0255585032806454,0.139111927705664,1000,2022-01-04
0.495367202194903,0.33005126752083,0.0399097347573046,0.134671795526963,500.5,2022-01-03
0.495367202194903,0.33005126752083,0.0399097347573046,0.134671795526963,500.5,2022-01-04
0.435689316614958,0.387992687782315,0.0379010590965479,0.138416936506179,501.5,2022-01-04
0.435689316614958,0.387992687782315,0.0379010590965479,0.138416936506179,501.5,2022-01-05
0.446873658796796,0.410405130701812,0.0401249183494897,0.102596292151903,500.5,2022-01-04
0.446873658796796,0.410405130701812,0.0401249183494897,0.102596292151903,500.5,2022-01-05
0.495367202194903,0.33005126752083,0.0399097347573046,0.134671795526963,500.5,2022-01-03
0.495367202194903,0.33005126752083,0.0399097347573046,0.134671795526963,500.5,2022-01-04
0.466774386442576,0.353007035712923,0.0292624588099085,0.150956119034593,333.333333333333,2022-01-03
0.466774386442576,0.353007035712923,0.0292624588099085,0.150956119034593,333.333333333333,2022-01-04
0.466774386442576,0.353007035712923,0.0292624588099085,0.150956119034593,333.333333333333,2022-01-05
0.430057889742961,0.400547980255653,0.0310664292796299,0.138327700721756,333.333333333333,2022-01-04
0.430057889742961,0.400547980255653,0.0310664292796299,0.138327700721756,333.333333333333,2022-01-05
0.430057889742961,0.400547980255653,0.0310664292796299,0.138327700721756,333.333333333333,2022-01-06
0.442843860252442,0.316367990014393,0.0513672894934597,0.189420860239706,319.333333333333,2022-01-04
0.442843860252442,0.316367990014393,0.0513672894934597,0.189420860239706,319.333333333333,2022-01-05
0.442843860252442,0.316367990014393,0.0513672894934597,0.189420860239706,319.333333333333,2022-01-06
0.486713751579119,0.321599036228045,0.0381420901422226,0.153545122050613,503,2022-01-05
0.486713751579119,0.321599036228045,0.0381420901422226,0.153545122050613,503,2022-01-06
0.495367202194903,0.33005126752083,0.0399097347573046,0.134671795526963,500.5,2022-01-03
0.495367202194903,0.33005126752083,0.0399097347573046,0.134671795526963,500.5,2022-01-04
0.45507770309973,0.387298886917786,0.0318628411111049,0.125760568871379,507,2022-01-02
0.45507770309973,0.387298886917786,0.0318628411111049,0.125760568871379,507,2022-01-03
0.45507770309973,0.387298886917786,0.0318628411111049,0.125760568871379,507,2022-01-04
0.45507770309973,0.387298886917786,0.0318628411111049,0.125760568871379,507,2022-01-05
0.45507770309973,0.387298886917786,0.0318628411111049,0.125760568871379,507,2022-01-06
0.45507770309973,0.387298886917786,0.0318628411111049,0.125760568871379,507,2022-01-07
0.416185127209599,0.407855007740281,0.0314710206691967,0.144488844380923,500.5,2022-01-07
0.416185127209599,0.407855007740281,0.0314710206691967,0.144488844380923,500.5,2022-01-08
0.416830821942064,0.390538680147319,0.0251356771017777,0.167494820808839,500.5,2022-01-07
0.416830821942064,0.390538680147319,0.0251356771017777,0.167494820808839,500.5,2022-01-08
0.435535189165975,0.358580427280716,0.0467043543689377,0.159180029184371,501.5,2022-01-07
0.435535189165975,0.358580427280716,0.0467043543689377,0.159180029184371,501.5,2022-01-08
0.446365774003919,0.345814500326584,0.0400613977792293,0.167758327890268,501,2022-01-07
0.446365774003919,0.345814500326584,0.0400613977792293,0.167758327890268,501,2022-01-08
0.409733275779894,0.414720865819552,0.018544122804651,0.157001735595903,500,2022-01-07
0.409733275779894,0.414720865819552,0.018544122804651,0.157001735595903,500,2022-01-08
0.384164656988543,0.446734047500947,0.0248209517644109,0.144280343746099,1003,2022-01-08
0.416136518332324,0.416881495098696,0.0352529437301362,0.131729042838844,508.5,2022-01-08
0.416136518332324,0.416881495098696,0.0352529437301362,0.131729042838844,508.5,2022-01-09
0.408359340626774,0.439342404920451,0.0255004456764822,0.126797808776293,338,2022-01-08
0.408359340626774,0.439342404920451,0.0255004456764822,0.126797808776293,338,2022-01-09
0.408359340626774,0.439342404920451,0.0255004456764822,0.126797808776293,338,2022-01-10
0.393666466010609,0.428714754327192,0.0356055450865438,0.142013234575656,505,2022-01-08
0.393666466010609,0.428714754327192,0.0356055450865438,0.142013234575656,505,2022-01-09
0.404251978224639,0.428814776230766,0.033201253155359,0.133731992389236,505.5,2022-01-10
0.404251978224639,0.428814776230766,0.033201253155359,0.133731992389236,505.5,2022-01-11
0.449729637360089,0.345295201826016,0.0394253420728209,0.165549818741074,333.333333333333,2022-01-10
0.449729637360089,0.345295201826016,0.0394253420728209,0.165549818741074,333.333333333333,2022-01-11
0.449729637360089,0.345295201826016,0.0394253420728209,0.165549818741074,333.333333333333,2022-01-12
0.380306732771603,0.450438082185121,0.0288477900261495,0.140407395017126,501.5,2022-01-11
0.380306732771603,0.450438082185121,0.0288477900261495,0.140407395017126,501.5,2022-01-12
0.406131425138865,0.453245975909725,0.0261749892271834,0.114447609724227,500,2022-01-12
0.406131425138865,0.453245975909725,0.0261749892271834,0.114447609724227,500,2022-01-13
0.390011674110251,0.453544538337135,0.0292602469770481,0.127183540575566,333.333333333333,2022-01-11
0.390011674110251,0.453544538337135,0.0292602469770481,0.127183540575566,333.333333333333,2022-01-12
0.390011674110251,0.453544538337135,0.0292602469770481,0.127183540575566,333.333333333333,2022-01-13
0.426861320844882,0.349804071490012,0.0343113829685559,0.18902322469655,319.333333333333,2022-01-11
0.426861320844882,0.349804071490012,0.0343113829685559,0.18902322469655,319.333333333333,2022-01-12
0.426861320844882,0.349804071490012,0.0343113829685559,0.18902322469655,319.333333333333,2022-01-13
0.40618790772574,0.448537273762267,0.0313529460146229,0.11392187249737,1001,2022-01-13
0.427168758568791,0.380947388119624,0.0261818461738564,0.165702007137728,336,2022-01-10
0.427168758568791,0.380947388119624,0.0261818461738564,0.165702007137728,336,2022-01-11
0.427168758568791,0.380947388119624,0.0261818461738564,0.165702007137728,336,2022-01-12
0.378623536556305,0.460185436339856,0.0267612114529946,0.134429815650845,500.5,2022-01-13
0.378623536556305,0.460185436339856,0.0267612114529946,0.134429815650845,500.5,2022-01-14
0.397936167752684,0.44006263018871,0.0223354516722683,0.139665750386338,505.166666666667,2022-01-09
0.397936167752684,0.44006263018871,0.0223354516722683,0.139665750386338,505.166666666667,2022-01-10
0.397936167752684,0.44006263018871,0.0223354516722683,0.139665750386338,505.166666666667,2022-01-11
0.397936167752684,0.44006263018871,0.0223354516722683,0.139665750386338,505.166666666667,2022-01-12
0.397936167752684,0.44006263018871,0.0223354516722683,0.139665750386338,505.166666666667,2022-01-13
0.397936167752684,0.44006263018871,0.0223354516722683,0.139665750386338,505.166666666667,2022-01-14
0.362206462828181,0.480635200989434,0.0318875869585953,0.12527074922379,500,2022-01-14
0.362206462828181,0.480635200989434,0.0318875869585953,0.12527074922379,500,2022-01-15
0.398539995594342,0.455668887395982,0.039776955339559,0.106014161670117,502,2022-01-14
0.398539995594342,0.455668887395982,0.039776955339559,0.106014161670117,502,2022-01-15
0.431265693620512,0.394513860405558,0.0266203819489601,0.14760006402497,500.5,2022-01-14
0.431265693620512,0.394513860405558,0.0266203819489601,0.14760006402497,500.5,2022-01-15
0.388991049451061,0.459421931679723,0.0246201606113801,0.126966858257836,500,2022-01-15
0.388991049451061,0.459421931679723,0.0246201606113801,0.126966858257836,500,2022-01-16
0.402647115930097,0.461718022060746,0.0247204442087017,0.110914417800455,500.5,2022-01-14
0.402647115930097,0.461718022060746,0.0247204442087017,0.110914417800455,500.5,2022-01-15
0.412444095136511,0.395133391967165,0.0338454437146404,0.158577069181684,502,2022-01-15
0.412444095136511,0.395133391967165,0.0338454437146404,0.158577069181684,502,2022-01-16
0.398912953965247,0.41320351667877,0.0342035191742842,0.153680010181698,505,2022-01-15
0.398912953965247,0.41320351667877,0.0342035191742842,0.153680010181698,505,2022-01-16
0.387483696149923,0.467102278170263,0.019359341592898,0.126054684086916,511.5,2022-01-15
0.387483696149923,0.467102278170263,0.019359341592898,0.126054684086916,511.5,2022-01-16
0.388209964747758,0.463503876035321,0.0293034259702923,0.118982733246629,510,2022-01-15
0.388209964747758,0.463503876035321,0.0293034259702923,0.118982733246629,510,2022-01-16
0.375592121525987,0.403486008874413,0.0455789564343966,0.175342913165203,503,2022-01-15
0.375592121525987,0.403486008874413,0.0455789564343966,0.175342913165203,503,2022-01-16
0.410708868847902,0.396142565002809,0.0273644436396267,0.165784122509663,500,2022-01-16
0.410708868847902,0.396142565002809,0.0273644436396267,0.165784122509663,500,2022-01-17
0.3875382075163,0.480020513238656,0.0293794208872405,0.103061858357804,1008,2022-01-17
0.407950134213136,0.388080578746466,0.0391472321575137,0.164822054882884,510,2022-01-16
0.407950134213136,0.388080578746466,0.0391472321575137,0.164822054882884,510,2022-01-17
0.394559029102973,0.408532385441061,0.0440485358180878,0.152860049637878,500.5,2022-01-17
0.394559029102973,0.408532385441061,0.0440485358180878,0.152860049637878,500.5,2022-01-18
0.373562322557897,0.49250564105982,0.0258214877347933,0.108110548647489,501,2022-01-18
0.373562322557897,0.49250564105982,0.0258214877347933,0.108110548647489,501,2022-01-19
0.418965946846999,0.401333104105873,0.0337509665799995,0.145949982467129,378.75,2022-01-12
0.418965946846999,0.401333104105873,0.0337509665799995,0.145949982467129,378.75,2022-01-13
0.418965946846999,0.401333104105873,0.0337509665799995,0.145949982467129,378.75,2022-01-14
0.418965946846999,0.401333104105873,0.0337509665799995,0.145949982467129,378.75,2022-01-15
0.412974875591698,0.398725573491929,0.038936764170409,0.149362786745964,333.333333333333,2022-01-17
0.412974875591698,0.398725573491929,0.038936764170409,0.149362786745964,333.333333333333,2022-01-18
0.412974875591698,0.398725573491929,0.038936764170409,0.149362786745964,333.333333333333,2022-01-19
0.413825215071419,0.395314331462869,0.0362415415628963,0.154618911902816,333.333333333333,2022-01-17
0.413825215071419,0.395314331462869,0.0362415415628963,0.154618911902816,333.333333333333,2022-01-18
0.413825215071419,0.395314331462869,0.0362415415628963,0.154618911902816,333.333333333333,2022-01-19
0.389586009180527,0.48512743806938,0.0326369356333426,0.0926496171167509,500.5,2022-01-19
0.389586009180527,0.48512743806938,0.0326369356333426,0.0926496171167509,500.5,2022-01-20
0.386023043903908,0.464589631319054,0.037481307757684,0.111906017019354,333.333333333333,2022-01-18
0.386023043903908,0.464589631319054,0.037481307757684,0.111906017019354,333.333333333333,2022-01-19
0.386023043903908,0.464589631319054,0.037481307757684,0.111906017019354,333.333333333333,2022-01-20
0.392192590804875,0.375105587064076,0.0347290937613129,0.197972728369736,319,2022-01-18
0.392192590804875,0.375105587064076,0.0347290937613129,0.197972728369736,319,2022-01-19
0.392192590804875,0.375105587064076,0.0347290937613129,0.197972728369736,319,2022-01-20
0.403201550106243,0.460045486936251,0.0267498976741579,0.110003065283348,507.666666666667,2022-01-16
0.403201550106243,0.460045486936251,0.0267498976741579,0.110003065283348,507.666666666667,2022-01-17
0.403201550106243,0.460045486936251,0.0267498976741579,0.110003065283348,507.666666666667,2022-01-18
0.403201550106243,0.460045486936251,0.0267498976741579,0.110003065283348,507.666666666667,2022-01-19
0.403201550106243,0.460045486936251,0.0267498976741579,0.110003065283348,507.666666666667,2022-01-20
0.403201550106243,0.460045486936251,0.0267498976741579,0.110003065283348,507.666666666667,2022-01-21
0.374277098120811,0.496658545899891,0.0289856064895901,0.100078749489709,1000,2022-01-21
0.374277098120811,0.496658545899891,0.0289856064895901,0.100078749489709,1000,2022-01-22
0.368759335782897,0.477905949823915,0.0264640143048726,0.126870700088315,500,2022-01-21
0.368759335782897,0.477905949823915,0.0264640143048726,0.126870700088315,500,2022-01-22
0.428007626766078,0.40974008916328,0.0277708300078304,0.134481454062811,501,2022-01-21
0.428007626766078,0.40974008916328,0.0277708300078304,0.134481454062811,501,2022-01-22
0.403445367367286,0.431660262998277,0.0276917069660871,0.13720266266835,333.333333333333,2022-01-20
0.403445367367286,0.431660262998277,0.0276917069660871,0.13720266266835,333.333333333333,2022-01-21
0.403445367367286,0.431660262998277,0.0276917069660871,0.13720266266835,333.333333333333,2022-01-22
0.416671370328721,0.44564773768328,0.0204587590147492,0.11722213297325,501,2022-01-21
0.416671370328721,0.44564773768328,0.0204587590147492,0.11722213297325,501,2022-01-22
0.45518043825772,0.365686905553434,0.0641259601918262,0.11500669599702,503.5,2021-12-26
0.45518043825772,0.365686905553434,0.0641259601918262,0.11500669599702,503.5,2021-12-27
0.45518043825772,0.365686905553434,0.0641259601918262,0.11500669599702,503.5,2021-12-28
0.45518043825772,0.365686905553434,0.0641259601918262,0.11500669599702,503.5,2021-12-29
0.395935546148533,0.47214903735454,0.0343866788288847,0.0975287376680423,1005,2022-01-23
0.386013963323293,0.466207712095238,0.040990087230211,0.106788237351259,753.25,2022-01-20
0.386013963323293,0.466207712095238,0.040990087230211,0.106788237351259,753.25,2022-01-21
0.386013963323293,0.466207712095238,0.040990087230211,0.106788237351259,753.25,2022-01-22
0.386013963323293,0.466207712095238,0.040990087230211,0.106788237351259,753.25,2022-01-23
0.398733079402285,0.448704365660709,0.0327664811016701,0.119796073835335,506,2022-01-22
0.398733079402285,0.448704365660709,0.0327664811016701,0.119796073835335,506,2022-01-23
0.401074490718088,0.451652799762189,0.0288758531428094,0.118396856376914,507.5,2022-01-22
0.401074490718088,0.451652799762189,0.0288758531428094,0.118396856376914,507.5,2022-01-23
0.422509478812644,0.442128837406957,0.0255739243990376,0.109787759381362,354,2022-01-22
0.422509478812644,0.442128837406957,0.0255739243990376,0.109787759381362,354,2022-01-23
0.422509478812644,0.442128837406957,0.0255739243990376,0.109787759381362,354,2022-01-24
0.418965946846999,0.401333104105873,0.0337509665799995,0.145949982467129,378.75,2022-01-12
0.418965946846999,0.401333104105873,0.0337509665799995,0.145949982467129,378.75,2022-01-13
0.418965946846999,0.401333104105873,0.0337509665799995,0.145949982467129,378.75,2022-01-14
0.418965946846999,0.401333104105873,0.0337509665799995,0.145949982467129,378.75,2022-01-15
0.391401137245592,0.4582433271194,0.0254852883091111,0.124870247325897,333.333333333333,2022-01-19
0.391401137245592,0.4582433271194,0.0254852883091111,0.124870247325897,333.333333333333,2022-01-20
0.391401137245592,0.4582433271194,0.0254852883091111,0.124870247325897,333.333333333333,2022-01-21
0.40036507123447,0.465361641908962,0.0275973885035118,0.106675898353056,335.333333333333,2022-01-22
0.40036507123447,0.465361641908962,0.0275973885035118,0.106675898353056,335.333333333333,2022-01-23
0.40036507123447,0.465361641908962,0.0275973885035118,0.106675898353056,335.333333333333,2022-01-24
0.378300293823848,0.475550554002148,0.041977522266665,0.104171629907339,509,2022-01-24
0.378300293823848,0.475550554002148,0.041977522266665,0.104171629907339,509,2022-01-25
0.40266418841841,0.469703522382037,0.0223396480730082,0.105292641126544,500,2022-01-24
0.40266418841841,0.469703522382037,0.0223396480730082,0.105292641126544,500,2022-01-25
0.395809292079822,0.424407212080767,0.0381404028890844,0.141643092950327,500.5,2022-01-24
0.395809292079822,0.424407212080767,0.0381404028890844,0.141643092950327,500.5,2022-01-25
0.416336299654272,0.465613534537501,0.0188606858110492,0.0991894799971777,1000,2022-01-25
0.413340983336671,0.406914243380679,0.0338242358494391,0.145920537433211,502.5,2022-01-24
0.413340983336671,0.406914243380679,0.0338242358494391,0.145920537433211,502.5,2022-01-25
0.414843712394047,0.46463891721111,0.0255786120312794,0.0949387583635639,500.5,2022-01-25
0.414843712394047,0.46463891721111,0.0255786120312794,0.0949387583635639,500.5,2022-01-26
0.390816815904776,0.436318352898582,0.0297523908554231,0.143112440341219,456.333333333333,2022-01-23
0.390816815904776,0.436318352898582,0.0297523908554231,0.143112440341219,456.333333333333,2022-01-24
0.390816815904776,0.436318352898582,0.0297523908554231,0.143112440341219,456.333333333333,2022-01-25
0.43125454747253,0.415629740162044,0.0267977160897286,0.126317996275697,333.333333333333,2022-01-24
0.43125454747253,0.415629740162044,0.0267977160897286,0.126317996275697,333.333333333333,2022-01-25
0.43125454747253,0.415629740162044,0.0267977160897286,0.126317996275697,333.333333333333,2022-01-26
0.407816901334127,0.452923501679664,0.0311257600175618,0.108133836968647,500,2022-01-25
0.407816901334127,0.452923501679664,0.0311257600175618,0.108133836968647,500,2022-01-26
0.400826016395489,0.46346385918189,0.0426948524822105,0.0930152719404103,333.333333333333,2022-01-25
0.400826016395489,0.46346385918189,0.0426948524822105,0.0930152719404103,333.333333333333,2022-01-26
0.400826016395489,0.46346385918189,0.0426948524822105,0.0930152719404103,333.333333333333,2022-01-27
0.403331261861621,0.464434786891671,0.0310657879155301,0.101168163331178,500.5,2022-01-26
0.403331261861621,0.464434786891671,0.0310657879155301,0.101168163331178,500.5,2022-01-27
0.401847575057737,0.384603541185527,0.0434180138568129,0.170130869899923,318.666666666667,2022-01-25
0.401847575057737,0.384603541185527,0.0434180138568129,0.170130869899923,318.666666666667,2022-01-26
0.401847575057737,0.384603541185527,0.0434180138568129,0.170130869899923,318.666666666667,2022-01-27
0.37585340953631,0.469220286763835,0.0351914645373586,0.119734839162496,501,2022-01-26
0.37585340953631,0.469220286763835,0.0351914645373586,0.119734839162496,501,2022-01-27
0.434200184903315,0.414149866951888,0.0345708575919699,0.117079090552826,250,2022-01-24
0.434200184903315,0.414149866951888,0.0345708575919699,0.117079090552826,250,2022-01-25
0.434200184903315,0.414149866951888,0.0345708575919699,0.117079090552826,250,2022-01-26
0.434200184903315,0.414149866951888,0.0345708575919699,0.117079090552826,250,2022-01-27
0.421450264964821,0.44015543836794,0.0261880327394396,0.112206263927799,507.833333333333,2022-01-23
0.421450264964821,0.44015543836794,0.0261880327394396,0.112206263927799,507.833333333333,2022-01-24
0.421450264964821,0.44015543836794,0.0261880327394396,0.112206263927799,507.833333333333,2022-01-25
0.421450264964821,0.44015543836794,0.0261880327394396,0.112206263927799,507.833333333333,2022-01-26
0.421450264964821,0.44015543836794,0.0261880327394396,0.112206263927799,507.833333333333,2022-01-27
0.421450264964821,0.44015543836794,0.0261880327394396,0.112206263927799,507.833333333333,2022-01-28
0.41450780993176,0.471565493203972,0.0274198193056642,0.0865068775586039,1000.5,2022-01-28
0.41450780993176,0.471565493203972,0.0274198193056642,0.0865068775586039,1000.5,2022-01-29
0.425626352853918,0.42001985580718,0.0323268507942967,0.122026940544605,501,2022-01-28
0.425626352853918,0.42001985580718,0.0323268507942967,0.122026940544605,501,2022-01-29
0.393189558665869,0.447442086371417,0.0271363332128959,0.132232021749818,333.333333333333,2022-01-27
0.393189558665869,0.447442086371417,0.0271363332128959,0.132232021749818,333.333333333333,2022-01-28
0.393189558665869,0.447442086371417,0.0271363332128959,0.132232021749818,333.333333333333,2022-01-29
0.406411532255727,0.446984409168349,0.0320651759671673,0.114538882608756,500,2022-01-28
0.406411532255727,0.446984409168349,0.0320651759671673,0.114538882608756,500,2022-01-29
0.413087259222365,0.4714087724807,0.0306831101053521,0.0848208581915827,1002,2022-01-29
0.446389338938592,0.425691908173109,0.0368708150384943,0.0910479378498052,1012,2022-02-02
0.419367353122815,0.479779059050747,0.0282823707534242,0.0725712170730147,500,2022-02-02
0.419367353122815,0.479779059050747,0.0282823707534242,0.0725712170730147,500,2022-02-03
0.399860462166219,0.489238673122053,0.0276221484597983,0.0832787162519292,333.333333333333,2022-02-01
0.399860462166219,0.489238673122053,0.0276221484597983,0.0832787162519292,333.333333333333,2022-02-02
0.399860462166219,0.489238673122053,0.0276221484597983,0.0832787162519292,333.333333333333,2022-02-03
0.410626054755318,0.47780948523356,0.0310133795155932,0.080551080495528,1000.5,2022-02-02
0.410626054755318,0.47780948523356,0.0310133795155932,0.080551080495528,1000.5,2022-02-03
0.416051876139277,0.474088343137418,0.027856433175315,0.0820033475479899,503,2022-02-02
0.416051876139277,0.474088343137418,0.027856433175315,0.0820033475479899,503,2022-02-03
0.416051876139277,0.474088343137418,0.027856433175315,0.0820033475479899,503,2022-02-04
0.423700352393952,0.448736155523517,0.0257722561129196,0.101791235969611,503,2022-02-03
0.423700352393952,0.448736155523517,0.0257722561129196,0.101791235969611,503,2022-02-04
0.38321187597023,0.456038149276305,0.0336694841017283,0.127080490651736,500,2022-02-03
0.38321187597023,0.456038149276305,0.0336694841017283,0.127080490651736,500,2022-02-04
0.405343011292089,0.471163197821435,0.0348398837006931,0.088653907185782,500.5,2022-02-04
0.405343011292089,0.471163197821435,0.0348398837006931,0.088653907185782,500.5,2022-02-05
0.438672631563541,0.454502700302961,0.0275260151138908,0.0792986530196071,538,2022-02-03
0.438672631563541,0.454502700302961,0.0275260151138908,0.0792986530196071,538,2022-02-04
0.382624716727364,0.432677225801301,0.0354224370351719,0.149275620436163,503,2022-02-04
0.382624716727364,0.432677225801301,0.0354224370351719,0.149275620436163,503,2022-02-05
0.391028055224418,0.497813972935595,0.0314686221596951,0.0796893496802923,1000.5,2022-02-04
0.391028055224418,0.497813972935595,0.0314686221596951,0.0796893496802923,1000.5,2022-02-05
0.407529568514051,0.47434768537588,0.0304416993804692,0.0876810467296005,505.5,2022-02-04
0.407529568514051,0.47434768537588,0.0304416993804692,0.0876810467296005,505.5,2022-02-05
0.419650155304888,0.40510163665349,0.0461141959968533,0.129134012044769,502.5,2022-02-04
0.419650155304888,0.40510163665349,0.0461141959968533,0.129134012044769,502.5,2022-02-05
0.413794618392362,0.423360533489952,0.0446559669620994,0.118188881155587,500.5,2022-02-05
0.413794618392362,0.423360533489952,0.0446559669620994,0.118188881155587,500.5,2022-02-06
0.412465200565083,0.478603593354509,0.0362207383901602,0.0727104676902479,519.5,2022-02-05
0.412465200565083,0.478603593354509,0.0362207383901602,0.0727104676902479,519.5,2022-02-06
0.415384271929584,0.462715419483876,0.0229100897955373,0.0989902187910024,525,2022-02-05
0.415384271929584,0.462715419483876,0.0229100897955373,0.0989902187910024,525,2022-02-06
0.404509368652737,0.456645404699164,0.0279502421725166,0.110894984475583,521.5,2022-02-04
0.404509368652737,0.456645404699164,0.0279502421725166,0.110894984475583,521.5,2022-02-05
0.387379356864129,0.442931620321631,0.0354512730963443,0.134237749717895,502,2022-02-05
0.387379356864129,0.442931620321631,0.0354512730963443,0.134237749717895,502,2022-02-06
0.384653104670015,0.502470581039887,0.0274784407602415,0.0853978735298568,1006,2022-02-05
0.396366851205476,0.487428339128857,0.0353370328519879,0.0808677768136785,500,2022-02-04
0.396366851205476,0.487428339128857,0.0353370328519879,0.0808677768136785,500,2022-02-05
0.401894380298084,0.423030940868787,0.0396510518137576,0.135423627019371,506,2022-02-05
0.401894380298084,0.423030940868787,0.0396510518137576,0.135423627019371,506,2022-02-06
0.394407182878082,0.481300031818077,0.0317980584651887,0.0924947268386529,508.5,2022-02-05
0.394407182878082,0.481300031818077,0.0317980584651887,0.0924947268386529,508.5,2022-02-06
0.398146026576721,0.465777674391556,0.0387322264545957,0.0973440725771277,502.5,2022-02-05
0.398146026576721,0.465777674391556,0.0387322264545957,0.0973440725771277,502.5,2022-02-06
0.405649498592495,0.473022214440163,0.0280609998311201,0.0932672871362218,501.5,2022-02-05
0.405649498592495,0.473022214440163,0.0280609998311201,0.0932672871362218,501.5,2022-02-06
0.391701631816967,0.446829881349391,0.0376300060364363,0.123838480797205,500.5,2022-02-07
0.391701631816967,0.446829881349391,0.0376300060364363,0.123838480797205,500.5,2022-02-08
0.406012342089674,0.441008921018058,0.0425600982820318,0.110418638610236,503.5,2022-02-07
0.406012342089674,0.441008921018058,0.0425600982820318,0.110418638610236,503.5,2022-02-08
0.407052437827482,0.47271913898653,0.0269662486817116,0.0932621745042766,673.333333333333,2022-02-06
0.407052437827482,0.47271913898653,0.0269662486817116,0.0932621745042766,673.333333333333,2022-02-07
0.407052437827482,0.47271913898653,0.0269662486817116,0.0932621745042766,673.333333333333,2022-02-08
0.405369418731282,0.489003369180506,0.0306757078682276,0.0749515042199837,333.333333333333,2022-02-06
0.405369418731282,0.489003369180506,0.0306757078682276,0.0749515042199837,333.333333333333,2022-02-07
0.405369418731282,0.489003369180506,0.0306757078682276,0.0749515042199837,333.333333333333,2022-02-08
0.400822677688572,0.47097984627489,0.0322184123698001,0.0959790636667383,333.666666666667,2022-02-06
0.400822677688572,0.47097984627489,0.0322184123698001,0.0959790636667383,333.666666666667,2022-02-07
0.400822677688572,0.47097984627489,0.0322184123698001,0.0959790636667383,333.666666666667,2022-02-08
0.419832668053205,0.477018769942256,0.0304575577114364,0.0726910042931022,500,2022-02-08
0.419832668053205,0.477018769942256,0.0304575577114364,0.0726910042931022,500,2022-02-09
0.415503522436782,0.426172845432834,0.051090335201565,0.107233296928819,335.666666666667,2022-02-07
0.415503522436782,0.426172845432834,0.051090335201565,0.107233296928819,335.666666666667,2022-02-08
0.415503522436782,0.426172845432834,0.051090335201565,0.107233296928819,335.666666666667,2022-02-09
0.366309536117503,0.482859243787775,0.0463696632254662,0.104461556869255,504,2022-02-08
0.366309536117503,0.482859243787775,0.0463696632254662,0.104461556869255,504,2022-02-09
0.406468530425224,0.449542335598282,0.0361858634275477,0.107803270548947,333.333333333333,2022-02-07
0.406468530425224,0.449542335598282,0.0361858634275477,0.107803270548947,333.333333333333,2022-02-08
0.406468530425224,0.449542335598282,0.0361858634275477,0.107803270548947,333.333333333333,2022-02-09
0.423245683160702,0.47023445528076,0.0191502283191382,0.0873696332393999,1004,2022-02-09
0.402098007516647,0.475423266258779,0.0297016733117433,0.0927770529128308,509,2022-02-09
0.402098007516647,0.475423266258779,0.0297016733117433,0.0927770529128308,509,2022-02-10
0.379738850690721,0.504741479005025,0.0346306692739545,0.0808890010302992,500,2022-02-09
0.379738850690721,0.504741479005025,0.0346306692739545,0.0808890010302992,500,2022-02-10
0.404429193051969,0.411539958255209,0.037251919199066,0.146778929493756,318.333333333333,2022-02-08
0.404429193051969,0.411539958255209,0.037251919199066,0.146778929493756,318.333333333333,2022-02-09
0.404429193051969,0.411539958255209,0.037251919199066,0.146778929493756,318.333333333333,2022-02-10
0.429044028252081,0.456273706646195,0.030365070626595,0.0843171944751294,506.666666666667,2022-02-06
0.429044028252081,0.456273706646195,0.030365070626595,0.0843171944751294,506.666666666667,2022-02-07
0.429044028252081,0.456273706646195,0.030365070626595,0.0843171944751294,506.666666666667,2022-02-08
0.429044028252081,0.456273706646195,0.030365070626595,0.0843171944751294,506.666666666667,2022-02-09
0.429044028252081,0.456273706646195,0.030365070626595,0.0843171944751294,506.666666666667,2022-02-10
0.429044028252081,0.456273706646195,0.030365070626595,0.0843171944751294,506.666666666667,2022-02-11
0.434146717051971,0.439799175779856,0.0368210327683726,0.0892330743998005,1015,2022-02-12
0.417108262522424,0.481832978577437,0.0258862138951075,0.0751725450050319,1014,2022-02-11
0.417108262522424,0.481832978577437,0.0258862138951075,0.0751725450050319,1014,2022-02-12
0.425035849622991,0.456797935731118,0.0365650465391386,0.0816011681067529,502.5,2022-02-11
0.425035849622991,0.456797935731118,0.0365650465391386,0.0816011681067529,502.5,2022-02-12
0.415647074846565,0.489379408266764,0.0271823232859436,0.0677911936007275,500,2022-02-12
0.415647074846565,0.489379408266764,0.0271823232859436,0.0677911936007275,500,2022-02-13
0.391057040883931,0.507100724498301,0.0190880724925734,0.082754162125195,500,2022-02-11
0.391057040883931,0.507100724498301,0.0190880724925734,0.082754162125195,500,2022-02-12
0.409656104520198,0.499259863128312,0.0175176452920859,0.073566387059404,500,2022-02-11
0.409656104520198,0.499259863128312,0.0175176452920859,0.073566387059404,500,2022-02-12
0.397808707989461,0.464070616733869,0.0369418712105844,0.101178804066085,505,2022-02-12
0.397808707989461,0.464070616733869,0.0369418712105844,0.101178804066085,505,2022-02-13
0.420424817171057,0.47314686621423,0.0416716213805815,0.0647566952341315,1006,2022-02-12
0.440895152179268,0.388508405324363,0.0360634710294505,0.134532971466918,523,2022-02-12
0.440895152179268,0.388508405324363,0.0360634710294505,0.134532971466918,523,2022-02-13
0.388699033950695,0.513869587555062,0.0211307493409472,0.0763006291532961,1001,2022-02-13
0.448590202042054,0.453392041333147,0.0206941457434579,0.0773236108813411,336.333333333333,2022-02-12
0.448590202042054,0.453392041333147,0.0206941457434579,0.0773236108813411,336.333333333333,2022-02-13
0.448590202042054,0.453392041333147,0.0206941457434579,0.0773236108813411,336.333333333333,2022-02-14
0.43535844066126,0.469714855103264,0.0317211457446705,0.0632055584908056,500,2022-02-15
0.43535844066126,0.469714855103264,0.0317211457446705,0.0632055584908056,500,2022-02-16
0.379503926029207,0.494814216873364,0.0258922237714342,0.099789633325995,337.333333333333,2022-02-14
0.379503926029207,0.494814216873364,0.0258922237714342,0.099789633325995,337.333333333333,2022-02-15
0.379503926029207,0.494814216873364,0.0258922237714342,0.099789633325995,337.333333333333,2022-02-16
0.408478761498579,0.45482665902502,0.0424827802961061,0.0942117991802947,1003,2022-02-15
0.408478761498579,0.45482665902502,0.0424827802961061,0.0942117991802947,1003,2022-02-16
0.405001886431647,0.470680717567588,0.0386237835100033,0.0856936124907616,335.333333333333,2022-02-14
0.405001886431647,0.470680717567588,0.0386237835100033,0.0856936124907616,335.333333333333,2022-02-15
0.405001886431647,0.470680717567588,0.0386237835100033,0.0856936124907616,335.333333333333,2022-02-16
0.423097322505869,0.473146874425504,0.0203986974923982,0.0833571055762286,502,2022-02-16
0.423097322505869,0.473146874425504,0.0203986974923982,0.0833571055762286,502,2022-02-17
0.386316103973708,0.451437567511664,0.0427593022454092,0.119487026269219,321.666666666667,2022-02-15
0.386316103973708,0.451437567511664,0.0427593022454092,0.119487026269219,321.666666666667,2022-02-16
0.386316103973708,0.451437567511664,0.0427593022454092,0.119487026269219,321.666666666667,2022-02-17
0.401724915907786,0.494636557551891,0.0325908606120272,0.071047665928296,333.333333333333,2022-02-15
0.401724915907786,0.494636557551891,0.0325908606120272,0.071047665928296,333.333333333333,2022-02-16
0.401724915907786,0.494636557551891,0.0325908606120272,0.071047665928296,333.333333333333,2022-02-17
0.415586821656186,0.460340751092196,0.0345465709627559,0.0895258562888621,507.166666666667,2022-02-13
0.415586821656186,0.460340751092196,0.0345465709627559,0.0895258562888621,507.166666666667,2022-02-14
0.415586821656186,0.460340751092196,0.0345465709627559,0.0895258562888621,507.166666666667,2022-02-15
0.415586821656186,0.460340751092196,0.0345465709627559,0.0895258562888621,507.166666666667,2022-02-16
0.415586821656186,0.460340751092196,0.0345465709627559,0.0895258562888621,507.166666666667,2022-02-17
0.415586821656186,0.460340751092196,0.0345465709627559,0.0895258562888621,507.166666666667,2022-02-18
0.415221311897769,0.482064203637863,0.04335136806307,0.0593631164012985,1014,2022-02-18
0.37344170673862,0.477389679903376,0.0518118777663899,0.097356735591614,500.5,2022-02-18
0.37344170673862,0.477389679903376,0.0518118777663899,0.097356735591614,500.5,2022-02-19
0.384836030229176,0.493367136580635,0.0398597937072562,0.0819370394829332,506,2022-02-18
0.384836030229176,0.493367136580635,0.0398597937072562,0.0819370394829332,506,2022-02-19
0.411525438352766,0.492656072895391,0.0230242732981395,0.0727942154537037,1007.5,2022-02-18
0.411525438352766,0.492656072895391,0.0230242732981395,0.0727942154537037,1007.5,2022-02-19
0.462872437511619,0.446424346385899,0.0289774551722972,0.0617257609301854,501,2022-02-18
0.462872437511619,0.446424346385899,0.0289774551722972,0.0617257609301854,501,2022-02-19
0.415699175424633,0.478218763881028,0.0260596932137695,0.0800223674805694,500,2022-02-18
0.415699175424633,0.478218763881028,0.0260596932137695,0.0800223674805694,500,2022-02-19
0.393905240519095,0.469858071968244,0.0286808407932109,0.10755584671945,503,2022-02-18
0.393905240519095,0.469858071968244,0.0286808407932109,0.10755584671945,503,2022-02-19
0.421040102718912,0.470995494987818,0.0290345243825753,0.0789298779106939,500.5,2022-02-18
0.421040102718912,0.470995494987818,0.0290345243825753,0.0789298779106939,500.5,2022-02-19
0.434105642741872,0.481661461002167,0.0206103916261447,0.0636225046298167,1001,2022-02-20
0.394860138933232,0.491641991629889,0.037300126439153,0.0761977429977259,503,2022-02-19
0.394860138933232,0.491641991629889,0.037300126439153,0.0761977429977259,503,2022-02-20
0.439152628640045,0.465588757060193,0.0305277046158712,0.0647309096838911,530.5,2022-02-19
0.439152628640045,0.465588757060193,0.0305277046158712,0.0647309096838911,530.5,2022-02-20
0.457550433754893,0.459498588346874,0.012575594365112,0.0703753835331212,342.333333333333,2022-02-19
0.457550433754893,0.459498588346874,0.012575594365112,0.0703753835331212,342.333333333333,2022-02-20
0.457550433754893,0.459498588346874,0.012575594365112,0.0703753835331212,342.333333333333,2022-02-21
0.419860152320065,0.467758990245874,0.0322882054295178,0.0800926520045435,1002,2022-02-21
0.448482946111735,0.464891494602661,0.0239536504524827,0.0626719088331214,501,2022-02-19
0.448482946111735,0.464891494602661,0.0239536504524827,0.0626719088331214,501,2022-02-20
0.428169484476316,0.45699873340349,0.0420444926157213,0.072787289504473,334.333333333333,2022-02-18
0.428169484476316,0.45699873340349,0.0420444926157213,0.072787289504473,334.333333333333,2022-02-19
0.428169484476316,0.45699873340349,0.0420444926157213,0.072787289504473,334.333333333333,2022-02-20
0.425958777331382,0.434853952182936,0.0334371910251997,0.105750079460483,506.5,2022-02-21
0.425958777331382,0.434853952182936,0.0334371910251997,0.105750079460483,506.5,2022-02-22
0.440574426193968,0.460655856742271,0.0290805518988591,0.0696891651649022,1000,2022-02-20
0.440574426193968,0.460655856742271,0.0290805518988591,0.0696891651649022,1000,2022-02-21
0.440574426193968,0.460655856742271,0.0290805518988591,0.0696891651649022,1000,2022-02-22
0.449309115802162,0.459333022234364,0.0256762947900135,0.0656815671734604,500.5,2022-02-22
0.449309115802162,0.459333022234364,0.0256762947900135,0.0656815671734604,500.5,2022-02-23
0.441304524435114,0.456526363498372,0.0284928455218504,0.0736762665446639,509.5,2022-02-20
0.441304524435114,0.456526363498372,0.0284928455218504,0.0736762665446639,509.5,2022-02-21
0.441304524435114,0.456526363498372,0.0284928455218504,0.0736762665446639,509.5,2022-02-22
0.441304524435114,0.456526363498372,0.0284928455218504,0.0736762665446639,509.5,2022-02-23
0.431053917879538,0.456360984388688,0.0275983571143166,0.0849867406174573,502.5,2022-02-22
0.431053917879538,0.456360984388688,0.0275983571143166,0.0849867406174573,502.5,2022-02-23
0.412801136309913,0.481813893531879,0.0333885589476526,0.0719964112105546,1001,2022-02-23
0.423359328681534,0.443004058922789,0.030327906234323,0.103308706161354,334.666666666667,2022-02-21
0.423359328681534,0.443004058922789,0.030327906234323,0.103308706161354,334.666666666667,2022-02-22
0.423359328681534,0.443004058922789,0.030327906234323,0.103308706161354,334.666666666667,2022-02-23
0.426652905916979,0.43556866513546,0.0358526421932164,0.101925786754345,502.5,2022-02-22
0.426652905916979,0.43556866513546,0.0358526421932164,0.101925786754345,502.5,2022-02-23
0.429721878204499,0.459171419680506,0.0330187398578586,0.0780879622571368,502.5,2022-02-23
0.429721878204499,0.459171419680506,0.0330187398578586,0.0780879622571368,502.5,2022-02-24
0.420390742439336,0.440039081419225,0.0373318440617888,0.102238332079651,503.5,2022-02-23
0.420390742439336,0.440039081419225,0.0373318440617888,0.102238332079651,503.5,2022-02-24
0.415686319694892,0.410247842468516,0.0418255769740405,0.132240260862552,318.333333333333,2022-02-22
0.415686319694892,0.410247842468516,0.0418255769740405,0.132240260862552,318.333333333333,2022-02-23
0.415686319694892,0.410247842468516,0.0418255769740405,0.132240260862552,318.333333333333,2022-02-24
0.427990151072532,0.477433018946666,0.0208663717552792,0.0737104582255237,333.333333333333,2022-02-22
0.427990151072532,0.477433018946666,0.0208663717552792,0.0737104582255237,333.333333333333,2022-02-23
0.427990151072532,0.477433018946666,0.0208663717552792,0.0737104582255237,333.333333333333,2022-02-24
0.425308486763787,0.448924274024512,0.0300896533951541,0.095677585816547,507,2022-02-25
0.425308486763787,0.448924274024512,0.0300896533951541,0.095677585816547,507,2022-02-26
0.437400727021706,0.43793109891958,0.0344362503970919,0.0902319236616216,666.666666666667,2022-02-24
0.437400727021706,0.43793109891958,0.0344362503970919,0.0902319236616216,666.666666666667,2022-02-25
0.437400727021706,0.43793109891958,0.0344362503970919,0.0902319236616216,666.666666666667,2022-02-26
0.39598148368154,0.449684747373602,0.0374654197993924,0.116868349145466,501.5,2022-02-25
0.39598148368154,0.449684747373602,0.0374654197993924,0.116868349145466,501.5,2022-02-26
0.43859779104952,0.443230015612551,0.0295017083609828,0.0886704849769462,1021,2022-02-26
0.452123256780075,0.470798875298101,0.0154955207606283,0.0615823471611951,1000,2022-02-25
0.483216863077538,0.398018614743333,0.0376753093306511,0.0810892128484774,502.5,2022-02-25
0.483216863077538,0.398018614743333,0.0376753093306511,0.0810892128484774,502.5,2022-02-26
0.429709625062502,0.457019599234547,0.0192556394924338,0.0940151362105177,513,2022-02-24
0.429709625062502,0.457019599234547,0.0192556394924338,0.0940151362105177,513,2022-02-25
0.429709625062502,0.457019599234547,0.0192556394924338,0.0940151362105177,513,2022-02-26
0.429709625062502,0.457019599234547,0.0192556394924338,0.0940151362105177,513,2022-02-27
0.420656930747382,0.472678678092963,0.0253465068935672,0.081317884266088,504.5,2022-02-26
0.420656930747382,0.472678678092963,0.0253465068935672,0.081317884266088,504.5,2022-02-27
0.443878244018262,0.476649353596899,0.0221824943041455,0.0572899080806935,1001.33333333333,2022-02-25
0.443878244018262,0.476649353596899,0.0221824943041455,0.0572899080806935,1001.33333333333,2022-02-26
0.443878244018262,0.476649353596899,0.0221824943041455,0.0572899080806935,1001.33333333333,2022-02-27
0.437054782658893,0.381191190902269,0.0252496680713502,0.156504358367488,726,2022-02-26
0.437054782658893,0.381191190902269,0.0252496680713502,0.156504358367488,726,2022-02-27
0.448384705248023,0.456765489183714,0.0192777432847526,0.0755720622835109,502,2022-02-27
0.448384705248023,0.456765489183714,0.0192777432847526,0.0755720622835109,502,2022-02-28
0.426835913643738,0.480675946050984,0.0288992023622743,0.0635889379430036,250,2022-02-25
0.426835913643738,0.480675946050984,0.0288992023622743,0.0635889379430036,250,2022-02-26
0.426835913643738,0.480675946050984,0.0288992023622743,0.0635889379430036,250,2022-02-27
0.426835913643738,0.480675946050984,0.0288992023622743,0.0635889379430036,250,2022-02-28
0.38809337471923,0.501009223395412,0.0227113952706885,0.088186006614669,342.666666666667,2022-02-27
0.38809337471923,0.501009223395412,0.0227113952706885,0.088186006614669,342.666666666667,2022-02-28
0.38809337471923,0.501009223395412,0.0227113952706885,0.088186006614669,342.666666666667,2022-03-01
0.44872717632085,0.483052664173594,0.0216992592239716,0.046520900281584,1002,2022-02-28
0.466610385440081,0.464826650369281,0.0156444545727633,0.0529185096178746,500,2022-02-28
0.466610385440081,0.464826650369281,0.0156444545727633,0.0529185096178746,500,2022-03-01
0.440152561733682,0.472616020198314,0.0189323719335872,0.0682990461344169,503.5,2022-02-28
0.440152561733682,0.472616020198314,0.0189323719335872,0.0682990461344169,503.5,2022-03-01
0.43550236180263,0.477081833269501,0.0218659517426273,0.0655498531852419,1003.5,2022-02-26
0.43550236180263,0.477081833269501,0.0218659517426273,0.0655498531852419,1003.5,2022-02-27
0.43550236180263,0.477081833269501,0.0218659517426273,0.0655498531852419,1003.5,2022-02-28
0.43550236180263,0.477081833269501,0.0218659517426273,0.0655498531852419,1003.5,2022-03-01
0.438027632182847,0.468712459547984,0.0180968865160636,0.0751630217531049,751,2022-02-26
0.438027632182847,0.468712459547984,0.0180968865160636,0.0751630217531049,751,2022-02-27
0.438027632182847,0.468712459547984,0.0180968865160636,0.0751630217531049,751,2022-02-28
0.438027632182847,0.468712459547984,0.0180968865160636,0.0751630217531049,751,2022-03-01
0.407031623196713,0.474575119688333,0.0226234833285564,0.0957697737863975,506,2022-02-28
0.407031623196713,0.474575119688333,0.0226234833285564,0.0957697737863975,506,2022-03-01
0.435725340566052,0.465163936519612,0.0264086179684028,0.0727021049459334,506.5,2022-02-28
0.435725340566052,0.465163936519612,0.0264086179684028,0.0727021049459334,506.5,2022-03-01
0.413919636087945,0.477892904276528,0.0325723752562267,0.0756150843792997,503,2022-02-28
0.413919636087945,0.477892904276528,0.0325723752562267,0.0756150843792997,503,2022-03-01
0.43816012501073,0.496803890969299,0.0137937881415616,0.0512421958784103,505.5,2022-03-01
0.43816012501073,0.496803890969299,0.0137937881415616,0.0512421958784103,505.5,2022-03-02
0.430971768332004,0.446803580601795,0.0236608265113178,0.098563824554884,502.5,2022-03-01
0.430971768332004,0.446803580601795,0.0236608265113178,0.098563824554884,502.5,2022-03-02
0.464034646554948,0.462246684358153,0.0136455581637003,0.0600731109231993,507.5,2022-03-01
0.464034646554948,0.462246684358153,0.0136455581637003,0.0600731109231993,507.5,2022-03-02
0.446843520104084,0.46546319592593,0.0233019657113945,0.0643913182585921,501,2022-03-01
0.446843520104084,0.46546319592593,0.0233019657113945,0.0643913182585921,501,2022-03-02
0.395358850459544,0.46185359704673,0.0237009606438461,0.11908659184988,502,2022-03-01
0.395358850459544,0.46185359704673,0.0237009606438461,0.11908659184988,502,2022-03-02
0.406000471521753,0.481823788986871,0.0258193881171755,0.0863563513742002,504.5,2022-03-01
0.406000471521753,0.481823788986871,0.0258193881171755,0.0863563513742002,504.5,2022-03-02
0.417237824427049,0.423106116391567,0.0347679305774263,0.124888128603958,318.666666666667,2022-02-28
0.417237824427049,0.423106116391567,0.0347679305774263,0.124888128603958,318.666666666667,2022-03-01
0.417237824427049,0.423106116391567,0.0347679305774263,0.124888128603958,318.666666666667,2022-03-02
0.428743085091596,0.476519194951769,0.0198346676674172,0.0749030522892169,1012.33333333333,2022-02-28
0.428743085091596,0.476519194951769,0.0198346676674172,0.0749030522892169,1012.33333333333,2022-03-01
0.428743085091596,0.476519194951769,0.0198346676674172,0.0749030522892169,1012.33333333333,2022-03-02
0.440563538834997,0.469358155576098,0.0246490267402677,0.0654292788486369,510.5,2022-03-01
0.440563538834997,0.469358155576098,0.0246490267402677,0.0654292788486369,510.5,2022-03-02
0.43005600171471,0.451787448866513,0.019720310654463,0.098436238764314,1001,2022-03-02
0.429885006430822,0.465044925888275,0.0193881494192172,0.085681918261685,671,2022-02-28
0.429885006430822,0.465044925888275,0.0193881494192172,0.085681918261685,671,2022-03-01
0.429885006430822,0.465044925888275,0.0193881494192172,0.085681918261685,671,2022-03-02
0.42856586982836,0.488482810188004,0.0193833871604954,0.0635679328231409,1502,2022-03-01
0.42856586982836,0.488482810188004,0.0193833871604954,0.0635679328231409,1502,2022-03-02
0.43902558974443,0.435052977273597,0.028901165554663,0.0970202674273099,671,2022-02-28
0.43902558974443,0.435052977273597,0.028901165554663,0.0970202674273099,671,2022-03-01
0.43902558974443,0.435052977273597,0.028901165554663,0.0970202674273099,671,2022-03-02
0.453334975245024,0.478024696035836,0.0104977097436934,0.0581426189754471,504,2022-03-01
0.453334975245024,0.478024696035836,0.0104977097436934,0.0581426189754471,504,2022-03-02
0.431967094849499,0.470280758931792,0.0134894566873332,0.0842626895313753,500,2022-03-01
0.431967094849499,0.470280758931792,0.0134894566873332,0.0842626895313753,500,2022-03-02
0.421027011351396,0.490844311873395,0.0202585135471041,0.0678701632281051,500,2022-03-01
0.421027011351396,0.490844311873395,0.0202585135471041,0.0678701632281051,500,2022-03-02
0.450024032807339,0.456357444545575,0.0197999652291298,0.0738185574179561,503,2022-03-01
0.450024032807339,0.456357444545575,0.0197999652291298,0.0738185574179561,503,2022-03-02
0.424184797986647,0.453064288284518,0.0342310636839368,0.088519850044899,504,2022-03-01
0.424184797986647,0.453064288284518,0.0342310636839368,0.088519850044899,504,2022-03-02
0.446234560209144,0.485757373080278,0.0132439518743912,0.0547641148361863,2022,2022-03-02
0.420121671912834,0.475884482284373,0.0200598814232598,0.0839339643795337,1001.5,2022-03-01
0.420121671912834,0.475884482284373,0.0200598814232598,0.0839339643795337,1001.5,2022-03-02
